rep,algo,x,y,section,dur
0,cpu,,,total,2.379247e-01
0,stock,8,4,total,2.312320e-03
0,stock,8,4,kernel,2.600960e-04
0,v1,8,4,total,7.452608e-03
0,v1,8,4,kernel,4.382720e-04
0,stock,8,8,total,2.086720e-03
0,stock,8,8,kernel,2.529280e-04
0,v1,8,8,total,1.965536e-03
0,v1,8,8,kernel,4.392960e-04
0,stock,8,16,total,2.008704e-03
0,stock,8,16,kernel,2.529280e-04
0,v1,8,16,total,4.390816e-03
0,v1,8,16,kernel,4.382720e-04
0,stock,16,16,total,5.353632e-03
0,stock,16,16,kernel,2.508800e-04
0,v1,16,16,total,1.966784e-03
0,v1,16,16,kernel,4.321280e-04
0,stock,24,24,total,4.950016e-03
0,stock,24,24,kernel,2.621440e-04
0,v1,24,24,total,3.120416e-03
0,v1,24,24,kernel,4.392960e-04
0,stock,16,32,total,4.473856e-03
0,stock,16,32,kernel,2.509120e-04
0,v1,16,32,total,4.773056e-03
0,v1,16,32,kernel,4.300800e-04
0,stock,32,32,total,4.326528e-03
0,stock,32,32,kernel,2.641920e-04
0,v1,32,32,total,4.469312e-03
0,v1,32,32,kernel,4.270400e-04
1,cpu,,,total,2.296347e-01
1,stock,8,4,total,2.058816e-03
1,stock,8,4,kernel,2.580480e-04
1,v1,8,4,total,3.316192e-03
1,v1,8,4,kernel,4.382720e-04
1,stock,8,8,total,5.005152e-03
1,stock,8,8,kernel,2.539520e-04
1,v1,8,8,total,1.968800e-03
1,v1,8,8,kernel,4.392960e-04
1,stock,8,16,total,2.005984e-03
1,stock,8,16,kernel,2.529280e-04
1,v1,8,16,total,3.746880e-03
1,v1,8,16,kernel,4.382720e-04
1,stock,16,16,total,2.015808e-03
1,stock,16,16,kernel,2.519040e-04
1,v1,16,16,total,1.972544e-03
1,v1,16,16,kernel,4.321280e-04
1,stock,24,24,total,2.030304e-03
1,stock,24,24,kernel,2.641920e-04
1,v1,24,24,total,2.017952e-03
1,v1,24,24,kernel,4.382720e-04
1,stock,16,32,total,4.401856e-03
1,stock,16,32,kernel,2.519040e-04
1,v1,16,32,total,1.966464e-03
1,v1,16,32,kernel,4.300800e-04
1,stock,32,32,total,2.023712e-03
1,stock,32,32,kernel,2.641920e-04
1,v1,32,32,total,1.944640e-03
1,v1,32,32,kernel,4.270080e-04
2,cpu,,,total,2.289924e-01
2,stock,8,4,total,2.044160e-03
2,stock,8,4,kernel,2.570240e-04
2,v1,8,4,total,1.972640e-03
2,v1,8,4,kernel,4.372480e-04
2,stock,8,8,total,3.494336e-03
2,stock,8,8,kernel,2.682880e-04
2,v1,8,8,total,1.982304e-03
2,v1,8,8,kernel,4.392960e-04
2,stock,8,16,total,2.014048e-03
2,stock,8,16,kernel,2.529280e-04
2,v1,8,16,total,3.063360e-03
2,v1,8,16,kernel,4.392960e-04
2,stock,16,16,total,2.036416e-03
2,stock,16,16,kernel,2.508800e-04
2,v1,16,16,total,1.951552e-03
2,v1,16,16,kernel,4.341760e-04
2,stock,24,24,total,2.045472e-03
2,stock,24,24,kernel,2.652160e-04
2,v1,24,24,total,4.240608e-03
2,v1,24,24,kernel,4.423680e-04
2,stock,16,32,total,2.076384e-03
2,stock,16,32,kernel,2.519360e-04
2,v1,16,32,total,5.199904e-03
2,v1,16,32,kernel,4.300800e-04
2,stock,32,32,total,2.052192e-03
2,stock,32,32,kernel,2.641920e-04
2,v1,32,32,total,1.948192e-03
2,v1,32,32,kernel,4.270080e-04
3,cpu,,,total,2.294483e-01
3,stock,8,4,total,2.147264e-03
3,stock,8,4,kernel,2.560000e-04
3,v1,8,4,total,1.974784e-03
3,v1,8,4,kernel,4.352000e-04
3,stock,8,8,total,5.059904e-03
3,stock,8,8,kernel,2.529280e-04
3,v1,8,8,total,2.014560e-03
3,v1,8,8,kernel,4.413760e-04
3,stock,8,16,total,4.179584e-03
3,stock,8,16,kernel,2.539520e-04
3,v1,8,16,total,2.022400e-03
3,v1,8,16,kernel,4.382720e-04
3,stock,16,16,total,4.715424e-03
3,stock,16,16,kernel,2.508800e-04
3,v1,16,16,total,1.981280e-03
3,v1,16,16,kernel,4.341760e-04
3,stock,24,24,total,4.182624e-03
3,stock,24,24,kernel,2.662400e-04
3,v1,24,24,total,2.921792e-03
3,v1,24,24,kernel,4.321280e-04
3,stock,16,32,total,3.739200e-03
3,stock,16,32,kernel,2.519040e-04
3,v1,16,32,total,1.977408e-03
3,v1,16,32,kernel,4.290560e-04
3,stock,32,32,total,4.558016e-03
3,stock,32,32,kernel,2.631680e-04
3,v1,32,32,total,1.962816e-03
3,v1,32,32,kernel,4.270080e-04
4,cpu,,,total,2.275278e-01
4,stock,8,4,total,2.054272e-03
4,stock,8,4,kernel,2.560320e-04
4,v1,8,4,total,1.948576e-03
4,v1,8,4,kernel,4.362240e-04
4,stock,8,8,total,2.741632e-03
4,stock,8,8,kernel,2.529280e-04
4,v1,8,8,total,1.965856e-03
4,v1,8,8,kernel,4.392960e-04
4,stock,8,16,total,3.801376e-03
4,stock,8,16,kernel,2.529280e-04
4,v1,8,16,total,1.988000e-03
4,v1,8,16,kernel,4.392640e-04
4,stock,16,16,total,3.947104e-03
4,stock,16,16,kernel,2.498560e-04
4,v1,16,16,total,2.000736e-03
4,v1,16,16,kernel,4.352000e-04
4,stock,24,24,total,2.042624e-03
4,stock,24,24,kernel,2.652160e-04
4,v1,24,24,total,4.141280e-03
4,v1,24,24,kernel,4.382720e-04
4,stock,16,32,total,2.007712e-03
4,stock,16,32,kernel,2.508800e-04
4,v1,16,32,total,1.943296e-03
4,v1,16,32,kernel,4.290560e-04
4,stock,32,32,total,2.026016e-03
4,stock,32,32,kernel,2.631680e-04
4,v1,32,32,total,1.943040e-03
4,v1,32,32,kernel,4.270080e-04
5,cpu,,,total,2.291337e-01
5,stock,8,4,total,3.961760e-03
5,stock,8,4,kernel,2.570240e-04
5,v1,8,4,total,1.990432e-03
5,v1,8,4,kernel,4.372480e-04
5,stock,8,8,total,3.840640e-03
5,stock,8,8,kernel,2.529280e-04
5,v1,8,8,total,1.980128e-03
5,v1,8,8,kernel,4.402880e-04
5,stock,8,16,total,3.471360e-03
5,stock,8,16,kernel,2.529280e-04
5,v1,8,16,total,1.972992e-03
5,v1,8,16,kernel,4.392960e-04
5,stock,16,16,total,2.006272e-03
5,stock,16,16,kernel,2.508800e-04
5,v1,16,16,total,4.408448e-03
5,v1,16,16,kernel,4.352000e-04
5,stock,24,24,total,4.630880e-03
5,stock,24,24,kernel,2.662400e-04
5,v1,24,24,total,1.963264e-03
5,v1,24,24,kernel,4.392960e-04
5,stock,16,32,total,2.000768e-03
5,stock,16,32,kernel,2.518720e-04
5,v1,16,32,total,1.953056e-03
5,v1,16,32,kernel,4.300800e-04
5,stock,32,32,total,7.385376e-03
5,stock,32,32,kernel,2.631680e-04
5,v1,32,32,total,4.914400e-03
5,v1,32,32,kernel,4.270080e-04
6,cpu,,,total,2.287905e-01
6,stock,8,4,total,2.103584e-03
6,stock,8,4,kernel,2.570240e-04
6,v1,8,4,total,1.964416e-03
6,v1,8,4,kernel,4.372480e-04
6,stock,8,8,total,2.013664e-03
6,stock,8,8,kernel,2.529280e-04
6,v1,8,8,total,2.304864e-03
6,v1,8,8,kernel,4.413440e-04
6,stock,8,16,total,2.026784e-03
6,stock,8,16,kernel,2.529280e-04
6,v1,8,16,total,4.252768e-03
6,v1,8,16,kernel,4.382720e-04
6,stock,16,16,total,2.016864e-03
6,stock,16,16,kernel,2.508800e-04
6,v1,16,16,total,1.955392e-03
6,v1,16,16,kernel,4.362240e-04
6,stock,24,24,total,2.207456e-03
6,stock,24,24,kernel,2.600960e-04
6,v1,24,24,total,1.974016e-03
6,v1,24,24,kernel,4.321280e-04
6,stock,16,32,total,7.305696e-03
6,stock,16,32,kernel,2.519040e-04
6,v1,16,32,total,1.962144e-03
6,v1,16,32,kernel,4.300480e-04
6,stock,32,32,total,2.040992e-03
6,stock,32,32,kernel,2.631680e-04
6,v1,32,32,total,5.889280e-03
6,v1,32,32,kernel,4.280320e-04
7,cpu,,,total,2.298579e-01
7,stock,8,4,total,3.450048e-03
7,stock,8,4,kernel,2.580480e-04
7,v1,8,4,total,6.901184e-03
7,v1,8,4,kernel,4.352000e-04
7,stock,8,8,total,3.564416e-03
7,stock,8,8,kernel,2.529280e-04
7,v1,8,8,total,1.968096e-03
7,v1,8,8,kernel,4.403200e-04
7,stock,8,16,total,5.630784e-03
7,stock,8,16,kernel,2.529280e-04
7,v1,8,16,total,1.983648e-03
7,v1,8,16,kernel,4.403200e-04
7,stock,16,16,total,3.521888e-03
7,stock,16,16,kernel,2.498560e-04
7,v1,16,16,total,1.964096e-03
7,v1,16,16,kernel,4.352000e-04
7,stock,24,24,total,2.055008e-03
7,stock,24,24,kernel,2.662400e-04
7,v1,24,24,total,1.950752e-03
7,v1,24,24,kernel,4.331520e-04
7,stock,16,32,total,2.029184e-03
7,stock,16,32,kernel,2.519040e-04
7,v1,16,32,total,1.954432e-03
7,v1,16,32,kernel,4.311040e-04
7,stock,32,32,total,4.424032e-03
7,stock,32,32,kernel,2.652160e-04
7,v1,32,32,total,1.993280e-03
7,v1,32,32,kernel,4.280320e-04
8,cpu,,,total,2.286982e-01
8,stock,8,4,total,5.151392e-03
8,stock,8,4,kernel,2.570240e-04
8,v1,8,4,total,1.981920e-03
8,v1,8,4,kernel,4.372480e-04
8,stock,8,8,total,2.009472e-03
8,stock,8,8,kernel,2.529280e-04
8,v1,8,8,total,2.674880e-03
8,v1,8,8,kernel,4.403200e-04
8,stock,8,16,total,7.142912e-03
8,stock,8,16,kernel,2.529280e-04
8,v1,8,16,total,1.977056e-03
8,v1,8,16,kernel,4.392960e-04
8,stock,16,16,total,2.003136e-03
8,stock,16,16,kernel,2.508800e-04
8,v1,16,16,total,2.641344e-03
8,v1,16,16,kernel,4.341760e-04
8,stock,24,24,total,2.067680e-03
8,stock,24,24,kernel,2.662400e-04
8,v1,24,24,total,3.200384e-03
8,v1,24,24,kernel,4.382720e-04
8,stock,16,32,total,2.025248e-03
8,stock,16,32,kernel,2.529280e-04
8,v1,16,32,total,4.860096e-03
8,v1,16,32,kernel,4.290560e-04
8,stock,32,32,total,2.053600e-03
8,stock,32,32,kernel,2.631680e-04
8,v1,32,32,total,1.945216e-03
8,v1,32,32,kernel,4.270080e-04
9,cpu,,,total,2.284109e-01
9,stock,8,4,total,4.542624e-03
9,stock,8,4,kernel,2.570240e-04
9,v1,8,4,total,1.953312e-03
9,v1,8,4,kernel,4.362240e-04
9,stock,8,8,total,4.145152e-03
9,stock,8,8,kernel,2.519040e-04
9,v1,8,8,total,1.975296e-03
9,v1,8,8,kernel,4.403200e-04
9,stock,8,16,total,3.302336e-03
9,stock,8,16,kernel,2.529280e-04
9,v1,8,16,total,1.983424e-03
9,v1,8,16,kernel,4.403200e-04
9,stock,16,16,total,4.308064e-03
9,stock,16,16,kernel,2.508800e-04
9,v1,16,16,total,1.982272e-03
9,v1,16,16,kernel,4.321280e-04
9,stock,24,24,total,5.023744e-03
9,stock,24,24,kernel,2.652160e-04
9,v1,24,24,total,1.969856e-03
9,v1,24,24,kernel,4.321280e-04
9,stock,16,32,total,4.772480e-03
9,stock,16,32,kernel,2.519040e-04
9,v1,16,32,total,2.974304e-03
9,v1,16,32,kernel,4.300800e-04
9,stock,32,32,total,2.095616e-03
9,stock,32,32,kernel,2.641920e-04
9,v1,32,32,total,4.857728e-03
9,v1,32,32,kernel,4.280320e-04
10,cpu,,,total,2.282987e-01
10,stock,8,4,total,2.034624e-03
10,stock,8,4,kernel,2.560000e-04
10,v1,8,4,total,3.836896e-03
10,v1,8,4,kernel,4.362240e-04
10,stock,8,8,total,2.042112e-03
10,stock,8,8,kernel,2.549760e-04
10,v1,8,8,total,1.987296e-03
10,v1,8,8,kernel,4.392960e-04
10,stock,8,16,total,2.014080e-03
10,stock,8,16,kernel,2.519040e-04
10,v1,8,16,total,5.678624e-03
10,v1,8,16,kernel,4.382720e-04
10,stock,16,16,total,2.177824e-03
10,stock,16,16,kernel,2.519040e-04
10,v1,16,16,total,2.170816e-03
10,v1,16,16,kernel,4.321280e-04
10,stock,24,24,total,2.025152e-03
10,stock,24,24,kernel,2.662400e-04
10,v1,24,24,total,4.743712e-03
10,v1,24,24,kernel,4.382720e-04
10,stock,16,32,total,2.070880e-03
10,stock,16,32,kernel,2.519040e-04
10,v1,16,32,total,3.316960e-03
10,v1,16,32,kernel,4.290560e-04
10,stock,32,32,total,4.324224e-03
10,stock,32,32,kernel,2.631680e-04
10,v1,32,32,total,1.958816e-03
10,v1,32,32,kernel,4.280320e-04
11,cpu,,,total,2.505553e-01
11,stock,8,4,total,2.283840e-03
11,stock,8,4,kernel,2.580480e-04
11,v1,8,4,total,4.210048e-03
11,v1,8,4,kernel,4.382720e-04
11,stock,8,8,total,2.197920e-03
11,stock,8,8,kernel,2.539520e-04
11,v1,8,8,total,2.025600e-03
11,v1,8,8,kernel,4.392960e-04
11,stock,8,16,total,8.576128e-03
11,stock,8,16,kernel,2.529280e-04
11,v1,8,16,total,2.061920e-03
11,v1,8,16,kernel,4.392960e-04
11,stock,16,16,total,5.014528e-03
11,stock,16,16,kernel,2.498560e-04
11,v1,16,16,total,2.084864e-03
11,v1,16,16,kernel,4.331520e-04
11,stock,24,24,total,2.160896e-03
11,stock,24,24,kernel,2.641920e-04
11,v1,24,24,total,2.047488e-03
11,v1,24,24,kernel,4.331520e-04
11,stock,16,32,total,2.118944e-03
11,stock,16,32,kernel,2.508800e-04
11,v1,16,32,total,4.027296e-03
11,v1,16,32,kernel,4.300800e-04
11,stock,32,32,total,4.124768e-03
11,stock,32,32,kernel,2.641920e-04
11,v1,32,32,total,2.071072e-03
11,v1,32,32,kernel,4.280320e-04
12,cpu,,,total,2.376445e-01
12,stock,8,4,total,2.034720e-03
12,stock,8,4,kernel,2.570240e-04
12,v1,8,4,total,2.309920e-03
12,v1,8,4,kernel,4.372480e-04
12,stock,8,8,total,2.012736e-03
12,stock,8,8,kernel,2.529280e-04
12,v1,8,8,total,4.132928e-03
12,v1,8,8,kernel,4.392960e-04
12,stock,8,16,total,2.045152e-03
12,stock,8,16,kernel,2.529280e-04
12,v1,8,16,total,1.972608e-03
12,v1,8,16,kernel,4.372480e-04
12,stock,16,16,total,2.053024e-03
12,stock,16,16,kernel,2.508800e-04
12,v1,16,16,total,1.945024e-03
12,v1,16,16,kernel,4.331520e-04
12,stock,24,24,total,4.890368e-03
12,stock,24,24,kernel,2.652160e-04
12,v1,24,24,total,1.968960e-03
12,v1,24,24,kernel,4.321280e-04
12,stock,16,32,total,3.738592e-03
12,stock,16,32,kernel,2.508800e-04
12,v1,16,32,total,1.975616e-03
12,v1,16,32,kernel,4.300800e-04
12,stock,32,32,total,5.431680e-03
12,stock,32,32,kernel,2.631680e-04
12,v1,32,32,total,1.971328e-03
12,v1,32,32,kernel,4.259840e-04
13,cpu,,,total,2.276623e-01
13,stock,8,4,total,2.041184e-03
13,stock,8,4,kernel,2.570240e-04
13,v1,8,4,total,1.962144e-03
13,v1,8,4,kernel,4.361920e-04
13,stock,8,8,total,3.877664e-03
13,stock,8,8,kernel,2.529280e-04
13,v1,8,8,total,1.984512e-03
13,v1,8,8,kernel,4.403200e-04
13,stock,8,16,total,5.395200e-03
13,stock,8,16,kernel,2.539520e-04
13,v1,8,16,total,5.932224e-03
13,v1,8,16,kernel,4.392960e-04
13,stock,16,16,total,2.021344e-03
13,stock,16,16,kernel,2.498560e-04
13,v1,16,16,total,3.573152e-03
13,v1,16,16,kernel,4.341760e-04
13,stock,24,24,total,2.048736e-03
13,stock,24,24,kernel,2.641920e-04
13,v1,24,24,total,5.069152e-03
13,v1,24,24,kernel,4.382720e-04
13,stock,16,32,total,2.069536e-03
13,stock,16,32,kernel,2.508800e-04
13,v1,16,32,total,1.964160e-03
13,v1,16,32,kernel,4.290560e-04
13,stock,32,32,total,2.029920e-03
13,stock,32,32,kernel,2.641920e-04
13,v1,32,32,total,1.951104e-03
13,v1,32,32,kernel,4.280320e-04
14,cpu,,,total,2.282223e-01
14,stock,8,4,total,2.052864e-03
14,stock,8,4,kernel,2.560000e-04
14,v1,8,4,total,3.790368e-03
14,v1,8,4,kernel,4.362240e-04
14,stock,8,8,total,2.031328e-03
14,stock,8,8,kernel,2.549760e-04
14,v1,8,8,total,4.662944e-03
14,v1,8,8,kernel,4.382720e-04
14,stock,8,16,total,4.741856e-03
14,stock,8,16,kernel,2.529280e-04
14,v1,8,16,total,1.961536e-03
14,v1,8,16,kernel,4.383040e-04
14,stock,16,16,total,2.008960e-03
14,stock,16,16,kernel,2.498560e-04
14,v1,16,16,total,4.958336e-03
14,v1,16,16,kernel,4.331520e-04
14,stock,24,24,total,2.060224e-03
14,stock,24,24,kernel,2.600960e-04
14,v1,24,24,total,5.177888e-03
14,v1,24,24,kernel,4.321280e-04
14,stock,16,32,total,2.040256e-03
14,stock,16,32,kernel,2.508800e-04
14,v1,16,32,total,3.381312e-03
14,v1,16,32,kernel,4.290560e-04
14,stock,32,32,total,2.050048e-03
14,stock,32,32,kernel,2.641920e-04
14,v1,32,32,total,1.953408e-03
14,v1,32,32,kernel,4.270080e-04
15,cpu,,,total,2.283089e-01
15,stock,8,4,total,3.668832e-03
15,stock,8,4,kernel,2.580480e-04
15,v1,8,4,total,1.984736e-03
15,v1,8,4,kernel,4.362240e-04
15,stock,8,8,total,6.625088e-03
15,stock,8,8,kernel,2.549760e-04
15,v1,8,8,total,1.967424e-03
15,v1,8,8,kernel,4.392960e-04
15,stock,8,16,total,5.778912e-03
15,stock,8,16,kernel,2.529280e-04
15,v1,8,16,total,1.970176e-03
15,v1,8,16,kernel,4.413120e-04
15,stock,16,16,total,2.035200e-03
15,stock,16,16,kernel,2.508800e-04
15,v1,16,16,total,1.986880e-03
15,v1,16,16,kernel,4.351680e-04
15,stock,24,24,total,4.822848e-03
15,stock,24,24,kernel,2.631680e-04
15,v1,24,24,total,1.982912e-03
15,v1,24,24,kernel,4.382720e-04
15,stock,16,32,total,2.143872e-03
15,stock,16,32,kernel,2.519040e-04
15,v1,16,32,total,1.944032e-03
15,v1,16,32,kernel,4.290560e-04
15,stock,32,32,total,2.022912e-03
15,stock,32,32,kernel,2.641920e-04
15,v1,32,32,total,4.619200e-03
15,v1,32,32,kernel,4.280320e-04
16,cpu,,,total,2.282433e-01
16,stock,8,4,total,2.022336e-03
16,stock,8,4,kernel,2.570240e-04
16,v1,8,4,total,1.978784e-03
16,v1,8,4,kernel,4.382720e-04
16,stock,8,8,total,2.001632e-03
16,stock,8,8,kernel,2.529280e-04
16,v1,8,8,total,1.968064e-03
16,v1,8,8,kernel,4.403200e-04
16,stock,8,16,total,2.022720e-03
16,stock,8,16,kernel,2.529280e-04
16,v1,8,16,total,3.432672e-03
16,v1,8,16,kernel,4.372480e-04
16,stock,16,16,total,2.014784e-03
16,stock,16,16,kernel,2.508480e-04
16,v1,16,16,total,1.950176e-03
16,v1,16,16,kernel,4.331520e-04
16,stock,24,24,total,2.728448e-03
16,stock,24,24,kernel,2.662400e-04
16,v1,24,24,total,1.968704e-03
16,v1,24,24,kernel,4.382720e-04
16,stock,16,32,total,3.697760e-03
16,stock,16,32,kernel,2.519040e-04
16,v1,16,32,total,1.962912e-03
16,v1,16,32,kernel,4.300800e-04
16,stock,32,32,total,4.233056e-03
16,stock,32,32,kernel,2.641920e-04
16,v1,32,32,total,1.969760e-03
16,v1,32,32,kernel,4.280320e-04
17,cpu,,,total,2.293653e-01
17,stock,8,4,total,2.028928e-03
17,stock,8,4,kernel,2.570240e-04
17,v1,8,4,total,1.959488e-03
17,v1,8,4,kernel,4.361920e-04
17,stock,8,8,total,2.049504e-03
17,stock,8,8,kernel,2.529280e-04
17,v1,8,8,total,6.428928e-03
17,v1,8,8,kernel,4.382720e-04
17,stock,8,16,total,2.031584e-03
17,stock,8,16,kernel,2.519040e-04
17,v1,8,16,total,4.298528e-03
17,v1,8,16,kernel,4.382720e-04
17,stock,16,16,total,2.052768e-03
17,stock,16,16,kernel,2.488320e-04
17,v1,16,16,total,2.035808e-03
17,v1,16,16,kernel,4.321280e-04
17,stock,24,24,total,2.013792e-03
17,stock,24,24,kernel,2.641920e-04
17,v1,24,24,total,1.972672e-03
17,v1,24,24,kernel,4.382720e-04
17,stock,16,32,total,3.603296e-03
17,stock,16,32,kernel,2.508800e-04
17,v1,16,32,total,1.988352e-03
17,v1,16,32,kernel,4.290560e-04
17,stock,32,32,total,2.067328e-03
17,stock,32,32,kernel,2.631680e-04
17,v1,32,32,total,3.901024e-03
17,v1,32,32,kernel,4.280320e-04
18,cpu,,,total,2.293049e-01
18,stock,8,4,total,2.079904e-03
18,stock,8,4,kernel,2.560000e-04
18,v1,8,4,total,1.989824e-03
18,v1,8,4,kernel,4.372480e-04
18,stock,8,8,total,3.901440e-03
18,stock,8,8,kernel,2.539520e-04
18,v1,8,8,total,4.292352e-03
18,v1,8,8,kernel,4.392960e-04
18,stock,8,16,total,2.081888e-03
18,stock,8,16,kernel,2.519040e-04
18,v1,8,16,total,1.974368e-03
18,v1,8,16,kernel,4.403200e-04
18,stock,16,16,total,4.498944e-03
18,stock,16,16,kernel,2.508800e-04
18,v1,16,16,total,1.952736e-03
18,v1,16,16,kernel,4.321280e-04
18,stock,24,24,total,3.793376e-03
18,stock,24,24,kernel,2.611200e-04
18,v1,24,24,total,1.983136e-03
18,v1,24,24,kernel,4.392960e-04
18,stock,16,32,total,4.919136e-03
18,stock,16,32,kernel,2.519040e-04
18,v1,16,32,total,1.963360e-03
18,v1,16,32,kernel,4.300800e-04
18,stock,32,32,total,4.453376e-03
18,stock,32,32,kernel,2.621440e-04
18,v1,32,32,total,1.985440e-03
18,v1,32,32,kernel,4.280320e-04
19,cpu,,,total,2.283841e-01
19,stock,8,4,total,4.889312e-03
19,stock,8,4,kernel,2.580480e-04
19,v1,8,4,total,1.975232e-03
19,v1,8,4,kernel,4.392960e-04
19,stock,8,8,total,2.037792e-03
19,stock,8,8,kernel,2.529280e-04
19,v1,8,8,total,4.616096e-03
19,v1,8,8,kernel,4.423680e-04
19,stock,8,16,total,4.971968e-03
19,stock,8,16,kernel,2.529280e-04
19,v1,8,16,total,1.974464e-03
19,v1,8,16,kernel,4.392960e-04
19,stock,16,16,total,2.007424e-03
19,stock,16,16,kernel,2.498560e-04
19,v1,16,16,total,5.180160e-03
19,v1,16,16,kernel,4.352000e-04
19,stock,24,24,total,2.033120e-03
19,stock,24,24,kernel,2.641920e-04
19,v1,24,24,total,1.973056e-03
19,v1,24,24,kernel,4.382720e-04
19,stock,16,32,total,2.035456e-03
19,stock,16,32,kernel,2.508800e-04
19,v1,16,32,total,5.518816e-03
19,v1,16,32,kernel,4.290560e-04
19,stock,32,32,total,2.052000e-03
19,stock,32,32,kernel,2.641920e-04
19,v1,32,32,total,3.989984e-03
19,v1,32,32,kernel,4.270080e-04
20,cpu,,,total,2.276139e-01
20,stock,8,4,total,4.421280e-03
20,stock,8,4,kernel,2.580160e-04
20,v1,8,4,total,5.676544e-03
20,v1,8,4,kernel,4.362240e-04
20,stock,8,8,total,2.061984e-03
20,stock,8,8,kernel,2.529280e-04
20,v1,8,8,total,6.922144e-03
20,v1,8,8,kernel,4.403200e-04
20,stock,8,16,total,2.021856e-03
20,stock,8,16,kernel,2.529280e-04
20,v1,8,16,total,1.999136e-03
20,v1,8,16,kernel,4.372480e-04
20,stock,16,16,total,2.038272e-03
20,stock,16,16,kernel,2.498880e-04
20,v1,16,16,total,4.890176e-03
20,v1,16,16,kernel,4.341760e-04
20,stock,24,24,total,2.341088e-03
20,stock,24,24,kernel,2.590720e-04
20,v1,24,24,total,4.669472e-03
20,v1,24,24,kernel,4.311040e-04
20,stock,16,32,total,2.222688e-03
20,stock,16,32,kernel,2.519040e-04
20,v1,16,32,total,6.891424e-03
20,v1,16,32,kernel,4.290560e-04
20,stock,32,32,total,3.769568e-03
20,stock,32,32,kernel,2.641920e-04
20,v1,32,32,total,1.993792e-03
20,v1,32,32,kernel,4.280320e-04
21,cpu,,,total,2.269763e-01
21,stock,8,4,total,2.063520e-03
21,stock,8,4,kernel,2.570240e-04
21,v1,8,4,total,1.984256e-03
21,v1,8,4,kernel,4.362240e-04
21,stock,8,8,total,2.002496e-03
21,stock,8,8,kernel,2.529280e-04
21,v1,8,8,total,1.975712e-03
21,v1,8,8,kernel,4.392960e-04
21,stock,8,16,total,6.582880e-03
21,stock,8,16,kernel,2.529280e-04
21,v1,8,16,total,4.291488e-03
21,v1,8,16,kernel,4.392960e-04
21,stock,16,16,total,2.043488e-03
21,stock,16,16,kernel,2.498560e-04
21,v1,16,16,total,4.787168e-03
21,v1,16,16,kernel,4.331520e-04
21,stock,24,24,total,2.045152e-03
21,stock,24,24,kernel,2.641920e-04
21,v1,24,24,total,3.318464e-03
21,v1,24,24,kernel,4.382720e-04
21,stock,16,32,total,2.040416e-03
21,stock,16,32,kernel,2.519040e-04
21,v1,16,32,total,1.963744e-03
21,v1,16,32,kernel,4.300800e-04
21,stock,32,32,total,5.357760e-03
21,stock,32,32,kernel,2.631680e-04
21,v1,32,32,total,1.961248e-03
21,v1,32,32,kernel,4.260160e-04
22,cpu,,,total,2.253656e-01
22,stock,8,4,total,2.041504e-03
22,stock,8,4,kernel,2.560000e-04
22,v1,8,4,total,4.592608e-03
22,v1,8,4,kernel,4.362240e-04
22,stock,8,8,total,2.043584e-03
22,stock,8,8,kernel,2.519040e-04
22,v1,8,8,total,4.040544e-03
22,v1,8,8,kernel,4.392960e-04
22,stock,8,16,total,2.079360e-03
22,stock,8,16,kernel,2.519040e-04
22,v1,8,16,total,4.406208e-03
22,v1,8,16,kernel,4.392640e-04
22,stock,16,16,total,2.025600e-03
22,stock,16,16,kernel,2.498560e-04
22,v1,16,16,total,3.330592e-03
22,v1,16,16,kernel,4.311040e-04
22,stock,24,24,total,2.055968e-03
22,stock,24,24,kernel,2.631680e-04
22,v1,24,24,total,5.437568e-03
22,v1,24,24,kernel,4.403200e-04
22,stock,16,32,total,2.024160e-03
22,stock,16,32,kernel,2.508800e-04
22,v1,16,32,total,4.811040e-03
22,v1,16,32,kernel,4.300800e-04
22,stock,32,32,total,2.064224e-03
22,stock,32,32,kernel,2.611200e-04
22,v1,32,32,total,6.738144e-03
22,v1,32,32,kernel,4.270080e-04
23,cpu,,,total,2.284743e-01
23,stock,8,4,total,2.161472e-03
23,stock,8,4,kernel,2.560000e-04
23,v1,8,4,total,5.233824e-03
23,v1,8,4,kernel,4.372480e-04
23,stock,8,8,total,5.723872e-03
23,stock,8,8,kernel,2.529280e-04
23,v1,8,8,total,1.983456e-03
23,v1,8,8,kernel,4.392960e-04
23,stock,8,16,total,3.676352e-03
23,stock,8,16,kernel,2.519040e-04
23,v1,8,16,total,1.974880e-03
23,v1,8,16,kernel,4.382720e-04
23,stock,16,16,total,4.021760e-03
23,stock,16,16,kernel,2.508800e-04
23,v1,16,16,total,1.963200e-03
23,v1,16,16,kernel,4.311040e-04
23,stock,24,24,total,4.742592e-03
23,stock,24,24,kernel,2.641920e-04
23,v1,24,24,total,1.993120e-03
23,v1,24,24,kernel,4.392960e-04
23,stock,16,32,total,3.605280e-03
23,stock,16,32,kernel,2.508800e-04
23,v1,16,32,total,2.024160e-03
23,v1,16,32,kernel,4.300800e-04
23,stock,32,32,total,2.030976e-03
23,stock,32,32,kernel,2.621440e-04
23,v1,32,32,total,3.951392e-03
23,v1,32,32,kernel,4.280320e-04
24,cpu,,,total,2.346848e-01
24,stock,8,4,total,4.398272e-03
24,stock,8,4,kernel,2.570240e-04
24,v1,8,4,total,4.719072e-03
24,v1,8,4,kernel,4.372480e-04
24,stock,8,8,total,2.076000e-03
24,stock,8,8,kernel,2.529280e-04
24,v1,8,8,total,1.961472e-03
24,v1,8,8,kernel,4.403200e-04
24,stock,8,16,total,2.089760e-03
24,stock,8,16,kernel,2.529280e-04
24,v1,8,16,total,4.767488e-03
24,v1,8,16,kernel,4.382720e-04
24,stock,16,16,total,2.214080e-03
24,stock,16,16,kernel,2.508800e-04
24,v1,16,16,total,2.998560e-03
24,v1,16,16,kernel,4.331520e-04
24,stock,24,24,total,2.098176e-03
24,stock,24,24,kernel,2.641920e-04
24,v1,24,24,total,4.406304e-03
24,v1,24,24,kernel,4.392960e-04
24,stock,16,32,total,2.067488e-03
24,stock,16,32,kernel,2.508800e-04
24,v1,16,32,total,4.580768e-03
24,v1,16,32,kernel,4.310720e-04
24,stock,32,32,total,4.485472e-03
24,stock,32,32,kernel,2.631680e-04
24,v1,32,32,total,1.981056e-03
24,v1,32,32,kernel,4.270080e-04
25,cpu,,,total,2.275779e-01
25,stock,8,4,total,2.047360e-03
25,stock,8,4,kernel,2.580480e-04
25,v1,8,4,total,3.840736e-03
25,v1,8,4,kernel,4.362240e-04
25,stock,8,8,total,2.023840e-03
25,stock,8,8,kernel,2.529280e-04
25,v1,8,8,total,1.962880e-03
25,v1,8,8,kernel,4.392960e-04
25,stock,8,16,total,2.054016e-03
25,stock,8,16,kernel,2.519040e-04
25,v1,8,16,total,1.956384e-03
25,v1,8,16,kernel,4.372480e-04
25,stock,16,16,total,3.356000e-03
25,stock,16,16,kernel,2.508800e-04
25,v1,16,16,total,2.003296e-03
25,v1,16,16,kernel,4.331520e-04
25,stock,24,24,total,5.226496e-03
25,stock,24,24,kernel,2.662400e-04
25,v1,24,24,total,1.945568e-03
25,v1,24,24,kernel,4.331520e-04
25,stock,16,32,total,2.003040e-03
25,stock,16,32,kernel,2.509120e-04
25,v1,16,32,total,1.970496e-03
25,v1,16,32,kernel,4.290560e-04
25,stock,32,32,total,2.026112e-03
25,stock,32,32,kernel,2.631680e-04
25,v1,32,32,total,3.335008e-03
25,v1,32,32,kernel,4.270080e-04
26,cpu,,,total,2.281481e-01
26,stock,8,4,total,2.040896e-03
26,stock,8,4,kernel,2.580480e-04
26,v1,8,4,total,1.964832e-03
26,v1,8,4,kernel,4.382720e-04
26,stock,8,8,total,2.002528e-03
26,stock,8,8,kernel,2.529280e-04
26,v1,8,8,total,1.963328e-03
26,v1,8,8,kernel,4.382720e-04
26,stock,8,16,total,2.012832e-03
26,stock,8,16,kernel,2.519040e-04
26,v1,8,16,total,4.211520e-03
26,v1,8,16,kernel,4.434240e-04
26,stock,16,16,total,2.010912e-03
26,stock,16,16,kernel,2.498560e-04
26,v1,16,16,total,5.225696e-03
26,v1,16,16,kernel,4.321280e-04
26,stock,24,24,total,2.045632e-03
26,stock,24,24,kernel,2.662400e-04
26,v1,24,24,total,4.099680e-03
26,v1,24,24,kernel,4.423680e-04
26,stock,16,32,total,2.025088e-03
26,stock,16,32,kernel,2.508800e-04
26,v1,16,32,total,4.111744e-03
26,v1,16,32,kernel,4.290560e-04
26,stock,32,32,total,2.038080e-03
26,stock,32,32,kernel,2.631680e-04
26,v1,32,32,total,3.586688e-03
26,v1,32,32,kernel,4.270080e-04
27,cpu,,,total,2.270102e-01
27,stock,8,4,total,5.394464e-03
27,stock,8,4,kernel,2.570240e-04
27,v1,8,4,total,4.973664e-03
27,v1,8,4,kernel,4.382720e-04
27,stock,8,8,total,2.049120e-03
27,stock,8,8,kernel,2.529280e-04
27,v1,8,8,total,1.959872e-03
27,v1,8,8,kernel,4.403200e-04
27,stock,8,16,total,3.088928e-03
27,stock,8,16,kernel,2.529280e-04
27,v1,8,16,total,1.972480e-03
27,v1,8,16,kernel,4.382720e-04
27,stock,16,16,total,4.739744e-03
27,stock,16,16,kernel,2.498560e-04
27,v1,16,16,total,1.970400e-03
27,v1,16,16,kernel,4.341760e-04
27,stock,24,24,total,4.006048e-03
27,stock,24,24,kernel,2.641600e-04
27,v1,24,24,total,1.990880e-03
27,v1,24,24,kernel,4.341760e-04
27,stock,16,32,total,2.039712e-03
27,stock,16,32,kernel,2.590720e-04
27,v1,16,32,total,1.964480e-03
27,v1,16,32,kernel,4.290560e-04
27,stock,32,32,total,2.055680e-03
27,stock,32,32,kernel,2.641920e-04
27,v1,32,32,total,4.551712e-03
27,v1,32,32,kernel,4.270080e-04
28,cpu,,,total,2.278356e-01
28,stock,8,4,total,2.106560e-03
28,stock,8,4,kernel,2.560320e-04
28,v1,8,4,total,1.967968e-03
28,v1,8,4,kernel,4.362240e-04
28,stock,8,8,total,4.362816e-03
28,stock,8,8,kernel,2.529280e-04
28,v1,8,8,total,1.975616e-03
28,v1,8,8,kernel,4.392960e-04
28,stock,8,16,total,4.081600e-03
28,stock,8,16,kernel,2.519040e-04
28,v1,8,16,total,1.984416e-03
28,v1,8,16,kernel,4.413440e-04
28,stock,16,16,total,2.016608e-03
28,stock,16,16,kernel,2.519040e-04
28,v1,16,16,total,3.270464e-03
28,v1,16,16,kernel,4.331520e-04
28,stock,24,24,total,2.023232e-03
28,stock,24,24,kernel,2.652160e-04
28,v1,24,24,total,3.867584e-03
28,v1,24,24,kernel,4.392960e-04
28,stock,16,32,total,2.027232e-03
28,stock,16,32,kernel,2.498560e-04
28,v1,16,32,total,4.488640e-03
28,v1,16,32,kernel,4.280320e-04
28,stock,32,32,total,2.065664e-03
28,stock,32,32,kernel,2.641920e-04
28,v1,32,32,total,3.342144e-03
28,v1,32,32,kernel,4.270080e-04
29,cpu,,,total,2.261017e-01
29,stock,8,4,total,3.911232e-03
29,stock,8,4,kernel,2.570240e-04
29,v1,8,4,total,1.989248e-03
29,v1,8,4,kernel,4.382720e-04
29,stock,8,8,total,4.855616e-03
29,stock,8,8,kernel,2.528960e-04
29,v1,8,8,total,1.997792e-03
29,v1,8,8,kernel,4.403200e-04
29,stock,8,16,total,2.056640e-03
29,stock,8,16,kernel,2.519360e-04
29,v1,8,16,total,1.972320e-03
29,v1,8,16,kernel,4.383040e-04
29,stock,16,16,total,2.021856e-03
29,stock,16,16,kernel,2.508800e-04
29,v1,16,16,total,5.034144e-03
29,v1,16,16,kernel,4.362240e-04
29,stock,24,24,total,2.033504e-03
29,stock,24,24,kernel,2.641920e-04
29,v1,24,24,total,4.249728e-03
29,v1,24,24,kernel,4.392960e-04
29,stock,16,32,total,2.026112e-03
29,stock,16,32,kernel,2.518720e-04
29,v1,16,32,total,4.796128e-03
29,v1,16,32,kernel,4.341760e-04
29,stock,32,32,total,2.028960e-03
29,stock,32,32,kernel,2.631680e-04
29,v1,32,32,total,4.997696e-03
29,v1,32,32,kernel,4.270080e-04
30,cpu,,,total,2.263484e-01
30,stock,8,4,total,3.078272e-03
30,stock,8,4,kernel,2.570240e-04
30,v1,8,4,total,1.966688e-03
30,v1,8,4,kernel,4.372480e-04
30,stock,8,8,total,4.602560e-03
30,stock,8,8,kernel,2.529280e-04
30,v1,8,8,total,1.973344e-03
30,v1,8,8,kernel,4.392960e-04
30,stock,8,16,total,4.240512e-03
30,stock,8,16,kernel,2.539520e-04
30,v1,8,16,total,1.971648e-03
30,v1,8,16,kernel,4.382720e-04
30,stock,16,16,total,3.844128e-03
30,stock,16,16,kernel,2.508800e-04
30,v1,16,16,total,1.976864e-03
30,v1,16,16,kernel,4.362240e-04
30,stock,24,24,total,5.071808e-03
30,stock,24,24,kernel,2.641920e-04
30,v1,24,24,total,1.976928e-03
30,v1,24,24,kernel,4.331520e-04
30,stock,16,32,total,4.669568e-03
30,stock,16,32,kernel,2.519040e-04
30,v1,16,32,total,1.986656e-03
30,v1,16,32,kernel,4.311040e-04
30,stock,32,32,total,4.753696e-03
30,stock,32,32,kernel,2.631680e-04
30,v1,32,32,total,1.969664e-03
30,v1,32,32,kernel,4.280320e-04
31,cpu,,,total,2.260031e-01
31,stock,8,4,total,2.066336e-03
31,stock,8,4,kernel,2.570240e-04
31,v1,8,4,total,1.999200e-03
31,v1,8,4,kernel,4.372480e-04
31,stock,8,8,total,3.912672e-03
31,stock,8,8,kernel,2.529280e-04
31,v1,8,8,total,1.969568e-03
31,v1,8,8,kernel,4.413440e-04
31,stock,8,16,total,2.014144e-03
31,stock,8,16,kernel,2.519040e-04
31,v1,8,16,total,1.958368e-03
31,v1,8,16,kernel,4.362240e-04
31,stock,16,16,total,2.003648e-03
31,stock,16,16,kernel,2.498560e-04
31,v1,16,16,total,3.963648e-03
31,v1,16,16,kernel,4.352000e-04
31,stock,24,24,total,2.042848e-03
31,stock,24,24,kernel,2.641920e-04
31,v1,24,24,total,3.981792e-03
31,v1,24,24,kernel,4.382720e-04
31,stock,16,32,total,2.016928e-03
31,stock,16,32,kernel,2.498560e-04
31,v1,16,32,total,4.912480e-03
31,v1,16,32,kernel,4.300800e-04
31,stock,32,32,total,2.045568e-03
31,stock,32,32,kernel,2.631680e-04
31,v1,32,32,total,4.826400e-03
31,v1,32,32,kernel,4.280320e-04
32,cpu,,,total,2.259334e-01
32,stock,8,4,total,3.786592e-03
32,stock,8,4,kernel,2.560000e-04
32,v1,8,4,total,1.956768e-03
32,v1,8,4,kernel,4.352000e-04
32,stock,8,8,total,7.993024e-03
32,stock,8,8,kernel,2.529280e-04
32,v1,8,8,total,1.982944e-03
32,v1,8,8,kernel,4.392960e-04
32,stock,8,16,total,7.399744e-03
32,stock,8,16,kernel,2.519040e-04
32,v1,8,16,total,2.885440e-03
32,v1,8,16,kernel,4.382720e-04
32,stock,16,16,total,2.012992e-03
32,stock,16,16,kernel,2.498560e-04
32,v1,16,16,total,4.523104e-03
32,v1,16,16,kernel,4.331200e-04
32,stock,24,24,total,2.038144e-03
32,stock,24,24,kernel,2.631680e-04
32,v1,24,24,total,4.239072e-03
32,v1,24,24,kernel,4.382720e-04
32,stock,16,32,total,2.030784e-03
32,stock,16,32,kernel,2.509120e-04
32,v1,16,32,total,4.833568e-03
32,v1,16,32,kernel,4.290560e-04
32,stock,32,32,total,2.074816e-03
32,stock,32,32,kernel,2.631680e-04
32,v1,32,32,total,1.936256e-03
32,v1,32,32,kernel,4.270080e-04
33,cpu,,,total,2.296276e-01
33,stock,8,4,total,4.062272e-03
33,stock,8,4,kernel,2.580160e-04
33,v1,8,4,total,1.954496e-03
33,v1,8,4,kernel,4.362240e-04
33,stock,8,8,total,4.872512e-03
33,stock,8,8,kernel,2.519040e-04
33,v1,8,8,total,1.993216e-03
33,v1,8,8,kernel,4.403200e-04
33,stock,8,16,total,2.003200e-03
33,stock,8,16,kernel,2.539520e-04
33,v1,8,16,total,1.962592e-03
33,v1,8,16,kernel,4.392640e-04
33,stock,16,16,total,1.989696e-03
33,stock,16,16,kernel,2.508800e-04
33,v1,16,16,total,1.968576e-03
33,v1,16,16,kernel,4.321280e-04
33,stock,24,24,total,2.058368e-03
33,stock,24,24,kernel,2.641920e-04
33,v1,24,24,total,1.958016e-03
33,v1,24,24,kernel,4.311360e-04
33,stock,16,32,total,5.059520e-03
33,stock,16,32,kernel,2.600960e-04
33,v1,16,32,total,2.074400e-03
33,v1,16,32,kernel,4.290560e-04
33,stock,32,32,total,3.845920e-03
33,stock,32,32,kernel,2.631680e-04
33,v1,32,32,total,1.957888e-03
33,v1,32,32,kernel,4.270080e-04
34,cpu,,,total,2.254859e-01
34,stock,8,4,total,2.030784e-03
34,stock,8,4,kernel,2.560000e-04
34,v1,8,4,total,2.004480e-03
34,v1,8,4,kernel,4.362240e-04
34,stock,8,8,total,2.065440e-03
34,stock,8,8,kernel,2.529280e-04
34,v1,8,8,total,1.957344e-03
34,v1,8,8,kernel,4.392960e-04
34,stock,8,16,total,2.003680e-03
34,stock,8,16,kernel,2.519360e-04
34,v1,8,16,total,1.953952e-03
34,v1,8,16,kernel,4.382720e-04
34,stock,16,16,total,2.011392e-03
34,stock,16,16,kernel,2.498560e-04
34,v1,16,16,total,1.941056e-03
34,v1,16,16,kernel,4.321280e-04
34,stock,24,24,total,5.066880e-03
34,stock,24,24,kernel,2.652160e-04
34,v1,24,24,total,1.961952e-03
34,v1,24,24,kernel,4.311040e-04
34,stock,16,32,total,5.467264e-03
34,stock,16,32,kernel,2.519040e-04
34,v1,16,32,total,1.966624e-03
34,v1,16,32,kernel,4.311040e-04
34,stock,32,32,total,3.314592e-03
34,stock,32,32,kernel,2.621440e-04
34,v1,32,32,total,1.959648e-03
34,v1,32,32,kernel,4.280320e-04
35,cpu,,,total,2.254307e-01
35,stock,8,4,total,2.052288e-03
35,stock,8,4,kernel,2.560000e-04
35,v1,8,4,total,1.965824e-03
35,v1,8,4,kernel,4.362240e-04
35,stock,8,8,total,4.152352e-03
35,stock,8,8,kernel,2.539520e-04
35,v1,8,8,total,1.974112e-03
35,v1,8,8,kernel,4.403200e-04
35,stock,8,16,total,2.024864e-03
35,stock,8,16,kernel,2.519040e-04
35,v1,8,16,total,1.979392e-03
35,v1,8,16,kernel,4.382720e-04
35,stock,16,16,total,2.006624e-03
35,stock,16,16,kernel,2.498560e-04
35,v1,16,16,total,4.004000e-03
35,v1,16,16,kernel,4.331520e-04
35,stock,24,24,total,2.110240e-03
35,stock,24,24,kernel,2.652160e-04
35,v1,24,24,total,3.609088e-03
35,v1,24,24,kernel,4.321280e-04
35,stock,16,32,total,2.026944e-03
35,stock,16,32,kernel,2.508800e-04
35,v1,16,32,total,4.862208e-03
35,v1,16,32,kernel,4.290560e-04
35,stock,32,32,total,2.055648e-03
35,stock,32,32,kernel,2.641920e-04
35,v1,32,32,total,3.787328e-03
35,v1,32,32,kernel,4.290560e-04
36,cpu,,,total,2.292097e-01
36,stock,8,4,total,2.225536e-03
36,stock,8,4,kernel,2.559680e-04
36,v1,8,4,total,1.964128e-03
36,v1,8,4,kernel,4.372480e-04
36,stock,8,8,total,4.511296e-03
36,stock,8,8,kernel,2.529280e-04
36,v1,8,8,total,2.020960e-03
36,v1,8,8,kernel,4.403200e-04
36,stock,8,16,total,2.019968e-03
36,stock,8,16,kernel,2.519040e-04
36,v1,8,16,total,1.979872e-03
36,v1,8,16,kernel,4.403200e-04
36,stock,16,16,total,2.036960e-03
36,stock,16,16,kernel,2.498560e-04
36,v1,16,16,total,7.072352e-03
36,v1,16,16,kernel,4.341760e-04
36,stock,24,24,total,2.054208e-03
36,stock,24,24,kernel,2.641920e-04
36,v1,24,24,total,3.458688e-03
36,v1,24,24,kernel,4.413440e-04
36,stock,16,32,total,2.021312e-03
36,stock,16,32,kernel,2.519040e-04
36,v1,16,32,total,3.793760e-03
36,v1,16,32,kernel,4.290560e-04
36,stock,32,32,total,2.044992e-03
36,stock,32,32,kernel,2.641920e-04
36,v1,32,32,total,3.834368e-03
36,v1,32,32,kernel,4.270080e-04
37,cpu,,,total,2.294930e-01
37,stock,8,4,total,3.066176e-03
37,stock,8,4,kernel,2.580480e-04
37,v1,8,4,total,1.973248e-03
37,v1,8,4,kernel,4.413440e-04
37,stock,8,8,total,3.924768e-03
37,stock,8,8,kernel,2.539520e-04
37,v1,8,8,total,1.981312e-03
37,v1,8,8,kernel,4.392960e-04
37,stock,8,16,total,4.030144e-03
37,stock,8,16,kernel,2.529280e-04
37,v1,8,16,total,1.966048e-03
37,v1,8,16,kernel,4.382720e-04
37,stock,16,16,total,5.132928e-03
37,stock,16,16,kernel,2.519040e-04
37,v1,16,16,total,1.973888e-03
37,v1,16,16,kernel,4.351680e-04
37,stock,24,24,total,5.131488e-03
37,stock,24,24,kernel,2.846720e-04
37,v1,24,24,total,1.950784e-03
37,v1,24,24,kernel,4.321280e-04
37,stock,16,32,total,4.650720e-03
37,stock,16,32,kernel,2.508800e-04
37,v1,16,32,total,1.954912e-03
37,v1,16,32,kernel,4.300800e-04
37,stock,32,32,total,5.607744e-03
37,stock,32,32,kernel,2.631680e-04
37,v1,32,32,total,2.006592e-03
37,v1,32,32,kernel,4.270080e-04
38,cpu,,,total,2.291353e-01
38,stock,8,4,total,3.694912e-03
38,stock,8,4,kernel,2.580480e-04
38,v1,8,4,total,1.966240e-03
38,v1,8,4,kernel,4.362240e-04
38,stock,8,8,total,4.519168e-03
38,stock,8,8,kernel,2.519040e-04
38,v1,8,8,total,1.973248e-03
38,v1,8,8,kernel,4.403200e-04
38,stock,8,16,total,4.520544e-03
38,stock,8,16,kernel,2.519040e-04
38,v1,8,16,total,1.973408e-03
38,v1,8,16,kernel,4.392960e-04
38,stock,16,16,total,2.542640e-02
38,stock,16,16,kernel,2.508800e-04
38,v1,16,16,total,1.971392e-03
38,v1,16,16,kernel,4.331520e-04
38,stock,24,24,total,3.294304e-03
38,stock,24,24,kernel,2.652160e-04
38,v1,24,24,total,1.974688e-03
38,v1,24,24,kernel,4.392960e-04
38,stock,16,32,total,2.012224e-03
38,stock,16,32,kernel,2.519040e-04
38,v1,16,32,total,3.969312e-03
38,v1,16,32,kernel,4.300800e-04
38,stock,32,32,total,2.039584e-03
38,stock,32,32,kernel,2.621760e-04
38,v1,32,32,total,5.026720e-03
38,v1,32,32,kernel,4.270080e-04
39,cpu,,,total,2.286529e-01
39,stock,8,4,total,2.083040e-03
39,stock,8,4,kernel,2.570240e-04
39,v1,8,4,total,2.020448e-03
39,v1,8,4,kernel,4.382720e-04
39,stock,8,8,total,4.645312e-03
39,stock,8,8,kernel,2.539520e-04
39,v1,8,8,total,1.959904e-03
39,v1,8,8,kernel,4.393280e-04
39,stock,8,16,total,3.564608e-03
39,stock,8,16,kernel,2.529280e-04
39,v1,8,16,total,1.963552e-03
39,v1,8,16,kernel,4.382720e-04
39,stock,16,16,total,2.010976e-03
39,stock,16,16,kernel,2.498560e-04
39,v1,16,16,total,1.958880e-03
39,v1,16,16,kernel,4.321280e-04
39,stock,24,24,total,2.027904e-03
39,stock,24,24,kernel,2.652160e-04
39,v1,24,24,total,3.303392e-03
39,v1,24,24,kernel,4.321280e-04
39,stock,16,32,total,2.053248e-03
39,stock,16,32,kernel,2.519040e-04
39,v1,16,32,total,1.979360e-03
39,v1,16,32,kernel,4.300800e-04
39,stock,32,32,total,2.698272e-03
39,stock,32,32,kernel,2.631680e-04
39,v1,32,32,total,1.963840e-03
39,v1,32,32,kernel,4.270080e-04
40,cpu,,,total,2.271578e-01
40,stock,8,4,total,2.039968e-03
40,stock,8,4,kernel,2.570240e-04
40,v1,8,4,total,3.852896e-03
40,v1,8,4,kernel,4.392960e-04
40,stock,8,8,total,2.058432e-03
40,stock,8,8,kernel,2.519040e-04
40,v1,8,8,total,1.959680e-03
40,v1,8,8,kernel,4.403200e-04
40,stock,8,16,total,2.002016e-03
40,stock,8,16,kernel,2.529280e-04
40,v1,8,16,total,1.955488e-03
40,v1,8,16,kernel,4.392960e-04
40,stock,16,16,total,4.388416e-03
40,stock,16,16,kernel,2.498560e-04
40,v1,16,16,total,1.959040e-03
40,v1,16,16,kernel,4.352000e-04
40,stock,24,24,total,4.896096e-03
40,stock,24,24,kernel,2.641920e-04
40,v1,24,24,total,2.000832e-03
40,v1,24,24,kernel,4.392960e-04
40,stock,16,32,total,6.278272e-03
40,stock,16,32,kernel,2.498560e-04
40,v1,16,32,total,1.957152e-03
40,v1,16,32,kernel,4.290560e-04
40,stock,32,32,total,5.767712e-03
40,stock,32,32,kernel,2.662400e-04
40,v1,32,32,total,4.308512e-03
40,v1,32,32,kernel,4.270080e-04
41,cpu,,,total,2.285960e-01
41,stock,8,4,total,4.203424e-03
41,stock,8,4,kernel,2.580480e-04
41,v1,8,4,total,4.588512e-03
41,v1,8,4,kernel,4.362240e-04
41,stock,8,8,total,2.042592e-03
41,stock,8,8,kernel,2.529280e-04
41,v1,8,8,total,1.987008e-03
41,v1,8,8,kernel,4.413440e-04
41,stock,8,16,total,2.028288e-03
41,stock,8,16,kernel,2.529280e-04
41,v1,8,16,total,1.977984e-03
41,v1,8,16,kernel,4.382720e-04
41,stock,16,16,total,8.186112e-03
41,stock,16,16,kernel,2.508800e-04
41,v1,16,16,total,1.983904e-03
41,v1,16,16,kernel,4.331520e-04
41,stock,24,24,total,2.041984e-03
41,stock,24,24,kernel,2.652160e-04
41,v1,24,24,total,6.152512e-03
41,v1,24,24,kernel,4.392960e-04
41,stock,16,32,total,4.159584e-03
41,stock,16,32,kernel,2.519040e-04
41,v1,16,32,total,1.972288e-03
41,v1,16,32,kernel,4.290560e-04
41,stock,32,32,total,5.505536e-03
41,stock,32,32,kernel,2.652160e-04
41,v1,32,32,total,1.956608e-03
41,v1,32,32,kernel,4.270400e-04
42,cpu,,,total,2.283409e-01
42,stock,8,4,total,2.037632e-03
42,stock,8,4,kernel,2.570240e-04
42,v1,8,4,total,3.355872e-03
42,v1,8,4,kernel,4.372480e-04
42,stock,8,8,total,2.089984e-03
42,stock,8,8,kernel,2.529280e-04
42,v1,8,8,total,4.541216e-03
42,v1,8,8,kernel,4.402880e-04
42,stock,8,16,total,2.049984e-03
42,stock,8,16,kernel,2.519040e-04
42,v1,8,16,total,4.652224e-03
42,v1,8,16,kernel,4.382720e-04
42,stock,16,16,total,2.022912e-03
42,stock,16,16,kernel,2.519040e-04
42,v1,16,16,total,1.950304e-03
42,v1,16,16,kernel,4.352000e-04
42,stock,24,24,total,3.077536e-03
42,stock,24,24,kernel,2.641920e-04
42,v1,24,24,total,1.960448e-03
42,v1,24,24,kernel,4.382720e-04
42,stock,16,32,total,4.711808e-03
42,stock,16,32,kernel,2.519040e-04
42,v1,16,32,total,1.959712e-03
42,v1,16,32,kernel,4.300800e-04
42,stock,32,32,total,2.037792e-03
42,stock,32,32,kernel,2.641920e-04
42,v1,32,32,total,1.960480e-03
42,v1,32,32,kernel,4.270080e-04
43,cpu,,,total,2.287892e-01
43,stock,8,4,total,2.033952e-03
43,stock,8,4,kernel,2.570240e-04
43,v1,8,4,total,2.051712e-03
43,v1,8,4,kernel,4.362240e-04
43,stock,8,8,total,4.103008e-03
43,stock,8,8,kernel,2.529280e-04
43,v1,8,8,total,4.062496e-03
43,v1,8,8,kernel,4.372480e-04
43,stock,8,16,total,2.027264e-03
43,stock,8,16,kernel,2.529280e-04
43,v1,8,16,total,1.969824e-03
43,v1,8,16,kernel,4.392960e-04
43,stock,16,16,total,5.115136e-03
43,stock,16,16,kernel,2.529280e-04
43,v1,16,16,total,4.695904e-03
43,v1,16,16,kernel,4.341760e-04
43,stock,24,24,total,2.126688e-03
43,stock,24,24,kernel,2.672640e-04
43,v1,24,24,total,1.970720e-03
43,v1,24,24,kernel,4.372480e-04
43,stock,16,32,total,3.798048e-03
43,stock,16,32,kernel,2.519040e-04
43,v1,16,32,total,1.968448e-03
43,v1,16,32,kernel,4.300800e-04
43,stock,32,32,total,4.068416e-03
43,stock,32,32,kernel,2.641920e-04
43,v1,32,32,total,1.956992e-03
43,v1,32,32,kernel,4.270080e-04
44,cpu,,,total,2.290590e-01
44,stock,8,4,total,2.046368e-03
44,stock,8,4,kernel,2.570240e-04
44,v1,8,4,total,2.553568e-03
44,v1,8,4,kernel,4.372480e-04
44,stock,8,8,total,2.032352e-03
44,stock,8,8,kernel,2.519040e-04
44,v1,8,8,total,1.968480e-03
44,v1,8,8,kernel,4.382720e-04
44,stock,8,16,total,3.840192e-03
44,stock,8,16,kernel,2.529280e-04
44,v1,8,16,total,1.978240e-03
44,v1,8,16,kernel,4.382400e-04
44,stock,16,16,total,3.507168e-03
44,stock,16,16,kernel,2.508480e-04
44,v1,16,16,total,1.961248e-03
44,v1,16,16,kernel,4.311040e-04
44,stock,24,24,total,2.046464e-03
44,stock,24,24,kernel,2.641920e-04
44,v1,24,24,total,3.700224e-03
44,v1,24,24,kernel,4.392960e-04
44,stock,16,32,total,2.031744e-03
44,stock,16,32,kernel,2.590720e-04
44,v1,16,32,total,1.949568e-03
44,v1,16,32,kernel,4.290560e-04
44,stock,32,32,total,2.037696e-03
44,stock,32,32,kernel,2.631680e-04
44,v1,32,32,total,5.069152e-03
44,v1,32,32,kernel,4.270080e-04
45,cpu,,,total,2.308467e-01
45,stock,8,4,total,2.087584e-03
45,stock,8,4,kernel,2.580160e-04
45,v1,8,4,total,4.747328e-03
45,v1,8,4,kernel,4.362240e-04
45,stock,8,8,total,2.040288e-03
45,stock,8,8,kernel,2.539520e-04
45,v1,8,8,total,2.762880e-03
45,v1,8,8,kernel,4.403200e-04
45,stock,8,16,total,2.017888e-03
45,stock,8,16,kernel,2.529280e-04
45,v1,8,16,total,1.954880e-03
45,v1,8,16,kernel,4.403200e-04
45,stock,16,16,total,4.141632e-03
45,stock,16,16,kernel,2.519040e-04
45,v1,16,16,total,3.748384e-03
45,v1,16,16,kernel,4.321280e-04
45,stock,24,24,total,2.034464e-03
45,stock,24,24,kernel,2.662400e-04
45,v1,24,24,total,1.980128e-03
45,v1,24,24,kernel,4.392960e-04
45,stock,16,32,total,5.060896e-03
45,stock,16,32,kernel,2.519040e-04
45,v1,16,32,total,1.974112e-03
45,v1,16,32,kernel,4.311040e-04
45,stock,32,32,total,5.024768e-03
45,stock,32,32,kernel,2.631680e-04
45,v1,32,32,total,1.983808e-03
45,v1,32,32,kernel,4.280320e-04
46,cpu,,,total,2.288326e-01
46,stock,8,4,total,7.910080e-03
46,stock,8,4,kernel,2.570240e-04
46,v1,8,4,total,2.505344e-03
46,v1,8,4,kernel,4.372480e-04
46,stock,8,8,total,7.247872e-03
46,stock,8,8,kernel,2.529280e-04
46,v1,8,8,total,4.020864e-03
46,v1,8,8,kernel,4.392960e-04
46,stock,8,16,total,2.028352e-03
46,stock,8,16,kernel,2.528960e-04
46,v1,8,16,total,3.308896e-03
46,v1,8,16,kernel,4.382720e-04
46,stock,16,16,total,2.031296e-03
46,stock,16,16,kernel,2.508800e-04
46,v1,16,16,total,1.971136e-03
46,v1,16,16,kernel,4.341760e-04
46,stock,24,24,total,4.573376e-03
46,stock,24,24,kernel,2.652160e-04
46,v1,24,24,total,1.992672e-03
46,v1,24,24,kernel,4.382720e-04
46,stock,16,32,total,4.836480e-03
46,stock,16,32,kernel,2.508800e-04
46,v1,16,32,total,1.972128e-03
46,v1,16,32,kernel,4.300800e-04
46,stock,32,32,total,4.101120e-03
46,stock,32,32,kernel,2.641920e-04
46,v1,32,32,total,4.502784e-03
46,v1,32,32,kernel,4.280320e-04
47,cpu,,,total,2.278534e-01
47,stock,8,4,total,5.789024e-03
47,stock,8,4,kernel,2.570240e-04
47,v1,8,4,total,5.491296e-03
47,v1,8,4,kernel,4.403200e-04
47,stock,8,8,total,2.018208e-03
47,stock,8,8,kernel,2.519040e-04
47,v1,8,8,total,3.643520e-03
47,v1,8,8,kernel,4.402880e-04
47,stock,8,16,total,2.048160e-03
47,stock,8,16,kernel,2.529280e-04
47,v1,8,16,total,1.970912e-03
47,v1,8,16,kernel,4.372480e-04
47,stock,16,16,total,2.049088e-03
47,stock,16,16,kernel,2.508800e-04
47,v1,16,16,total,1.965216e-03
47,v1,16,16,kernel,4.321280e-04
47,stock,24,24,total,4.675744e-03
47,stock,24,24,kernel,2.611200e-04
47,v1,24,24,total,1.978944e-03
47,v1,24,24,kernel,4.382720e-04
47,stock,16,32,total,2.687488e-03
47,stock,16,32,kernel,2.508800e-04
47,v1,16,32,total,1.962592e-03
47,v1,16,32,kernel,4.434240e-04
47,stock,32,32,total,2.041824e-03
47,stock,32,32,kernel,2.641920e-04
47,v1,32,32,total,4.942944e-03
47,v1,32,32,kernel,4.280320e-04
48,cpu,,,total,2.297678e-01
48,stock,8,4,total,2.038624e-03
48,stock,8,4,kernel,2.570240e-04
48,v1,8,4,total,3.767168e-03
48,v1,8,4,kernel,4.352000e-04
48,stock,8,8,total,4.922624e-03
48,stock,8,8,kernel,2.529280e-04
48,v1,8,8,total,1.989952e-03
48,v1,8,8,kernel,4.403200e-04
48,stock,8,16,total,2.060000e-03
48,stock,8,16,kernel,2.529280e-04
48,v1,8,16,total,1.969888e-03
48,v1,8,16,kernel,4.403200e-04
48,stock,16,16,total,2.024416e-03
48,stock,16,16,kernel,2.508800e-04
48,v1,16,16,total,1.959904e-03
48,v1,16,16,kernel,4.321280e-04
48,stock,24,24,total,3.801536e-03
48,stock,24,24,kernel,2.652160e-04
48,v1,24,24,total,1.962752e-03
48,v1,24,24,kernel,4.392960e-04
48,stock,16,32,total,2.057760e-03
48,stock,16,32,kernel,2.529280e-04
48,v1,16,32,total,4.926272e-03
48,v1,16,32,kernel,4.300800e-04
48,stock,32,32,total,3.849088e-03
48,stock,32,32,kernel,2.631680e-04
48,v1,32,32,total,1.974432e-03
48,v1,32,32,kernel,4.280320e-04
49,cpu,,,total,2.293590e-01
49,stock,8,4,total,2.062400e-03
49,stock,8,4,kernel,2.570240e-04
49,v1,8,4,total,5.450336e-03
49,v1,8,4,kernel,4.372160e-04
49,stock,8,8,total,2.039840e-03
49,stock,8,8,kernel,2.529280e-04
49,v1,8,8,total,1.969984e-03
49,v1,8,8,kernel,4.382720e-04
49,stock,8,16,total,3.504256e-03
49,stock,8,16,kernel,2.529280e-04
49,v1,8,16,total,2.015232e-03
49,v1,8,16,kernel,4.392960e-04
49,stock,16,16,total,2.018272e-03
49,stock,16,16,kernel,2.519040e-04
49,v1,16,16,total,1.951360e-03
49,v1,16,16,kernel,4.331520e-04
49,stock,24,24,total,2.018496e-03
49,stock,24,24,kernel,2.621440e-04
49,v1,24,24,total,1.956992e-03
49,v1,24,24,kernel,4.382720e-04
49,stock,16,32,total,2.036672e-03
49,stock,16,32,kernel,2.508800e-04
49,v1,16,32,total,4.924352e-03
49,v1,16,32,kernel,4.444160e-04
49,stock,32,32,total,2.051584e-03
49,stock,32,32,kernel,2.641920e-04
49,v1,32,32,total,1.949280e-03
49,v1,32,32,kernel,4.290560e-04
50,cpu,,,total,2.278491e-01
50,stock,8,4,total,3.987552e-03
50,stock,8,4,kernel,2.570240e-04
50,v1,8,4,total,1.974336e-03
50,v1,8,4,kernel,4.362240e-04
50,stock,8,8,total,2.031200e-03
50,stock,8,8,kernel,2.519040e-04
50,v1,8,8,total,4.095744e-03
50,v1,8,8,kernel,4.433920e-04
50,stock,8,16,total,2.014720e-03
50,stock,8,16,kernel,2.519040e-04
50,v1,8,16,total,3.711168e-03
50,v1,8,16,kernel,4.392960e-04
50,stock,16,16,total,2.028960e-03
50,stock,16,16,kernel,2.508800e-04
50,v1,16,16,total,5.615680e-03
50,v1,16,16,kernel,4.352000e-04
50,stock,24,24,total,3.124000e-03
50,stock,24,24,kernel,2.621440e-04
50,v1,24,24,total,1.965600e-03
50,v1,24,24,kernel,4.382720e-04
50,stock,16,32,total,2.025280e-03
50,stock,16,32,kernel,2.518720e-04
50,v1,16,32,total,2.129504e-03
50,v1,16,32,kernel,4.300800e-04
50,stock,32,32,total,3.735616e-03
50,stock,32,32,kernel,2.631680e-04
50,v1,32,32,total,1.973184e-03
50,v1,32,32,kernel,4.280320e-04
51,cpu,,,total,2.273686e-01
51,stock,8,4,total,3.206464e-03
51,stock,8,4,kernel,2.570560e-04
51,v1,8,4,total,4.350336e-03
51,v1,8,4,kernel,4.362240e-04
51,stock,8,8,total,2.035328e-03
51,stock,8,8,kernel,2.529280e-04
51,v1,8,8,total,1.963136e-03
51,v1,8,8,kernel,4.413440e-04
51,stock,8,16,total,4.338656e-03
51,stock,8,16,kernel,2.529280e-04
51,v1,8,16,total,5.049216e-03
51,v1,8,16,kernel,4.382720e-04
51,stock,16,16,total,2.016096e-03
51,stock,16,16,kernel,2.498560e-04
51,v1,16,16,total,1.975072e-03
51,v1,16,16,kernel,4.475200e-04
51,stock,24,24,total,4.833760e-03
51,stock,24,24,kernel,2.641920e-04
51,v1,24,24,total,6.237856e-03
51,v1,24,24,kernel,4.321280e-04
51,stock,16,32,total,2.018144e-03
51,stock,16,32,kernel,2.519040e-04
51,v1,16,32,total,2.003296e-03
51,v1,16,32,kernel,4.300800e-04
51,stock,32,32,total,2.044704e-03
51,stock,32,32,kernel,2.631680e-04
51,v1,32,32,total,4.271264e-03
51,v1,32,32,kernel,4.280000e-04
52,cpu,,,total,2.290762e-01
52,stock,8,4,total,3.455712e-03
52,stock,8,4,kernel,2.570240e-04
52,v1,8,4,total,1.960640e-03
52,v1,8,4,kernel,4.362560e-04
52,stock,8,8,total,2.021888e-03
52,stock,8,8,kernel,2.539520e-04
52,v1,8,8,total,1.957408e-03
52,v1,8,8,kernel,4.403200e-04
52,stock,8,16,total,2.004640e-03
52,stock,8,16,kernel,2.519040e-04
52,v1,8,16,total,1.958848e-03
52,v1,8,16,kernel,4.372480e-04
52,stock,16,16,total,2.008096e-03
52,stock,16,16,kernel,2.508800e-04
52,v1,16,16,total,4.153664e-03
52,v1,16,16,kernel,4.341760e-04
52,stock,24,24,total,2.024448e-03
52,stock,24,24,kernel,2.652160e-04
52,v1,24,24,total,1.960288e-03
52,v1,24,24,kernel,4.382720e-04
52,stock,16,32,total,1.996672e-03
52,stock,16,32,kernel,2.508800e-04
52,v1,16,32,total,1.953792e-03
52,v1,16,32,kernel,4.290560e-04
52,stock,32,32,total,7.985120e-03
52,stock,32,32,kernel,2.641920e-04
52,v1,32,32,total,1.959744e-03
52,v1,32,32,kernel,4.270080e-04
53,cpu,,,total,2.288761e-01
53,stock,8,4,total,5.650016e-03
53,stock,8,4,kernel,2.569920e-04
53,v1,8,4,total,4.865248e-03
53,v1,8,4,kernel,4.362240e-04
53,stock,8,8,total,2.042400e-03
53,stock,8,8,kernel,2.519040e-04
53,v1,8,8,total,2.784224e-03
53,v1,8,8,kernel,4.413440e-04
53,stock,8,16,total,2.026720e-03
53,stock,8,16,kernel,2.529280e-04
53,v1,8,16,total,2.016448e-03
53,v1,8,16,kernel,4.382720e-04
53,stock,16,16,total,4.035296e-03
53,stock,16,16,kernel,2.508800e-04
53,v1,16,16,total,4.486144e-03
53,v1,16,16,kernel,4.341760e-04
53,stock,24,24,total,2.035840e-03
53,stock,24,24,kernel,2.652160e-04
53,v1,24,24,total,2.002016e-03
53,v1,24,24,kernel,4.331200e-04
53,stock,16,32,total,2.038592e-03
53,stock,16,32,kernel,2.508800e-04
53,v1,16,32,total,1.958848e-03
53,v1,16,32,kernel,4.290880e-04
53,stock,32,32,total,4.373120e-03
53,stock,32,32,kernel,2.641920e-04
53,v1,32,32,total,1.998240e-03
53,v1,32,32,kernel,4.280320e-04
54,cpu,,,total,2.278732e-01
54,stock,8,4,total,2.058080e-03
54,stock,8,4,kernel,2.560000e-04
54,v1,8,4,total,4.998144e-03
54,v1,8,4,kernel,4.372480e-04
54,stock,8,8,total,2.027040e-03
54,stock,8,8,kernel,2.529280e-04
54,v1,8,8,total,1.977728e-03
54,v1,8,8,kernel,4.403200e-04
54,stock,8,16,total,3.720224e-03
54,stock,8,16,kernel,2.529280e-04
54,v1,8,16,total,4.941600e-03
54,v1,8,16,kernel,4.392320e-04
54,stock,16,16,total,2.018592e-03
54,stock,16,16,kernel,2.498560e-04
54,v1,16,16,total,1.947552e-03
54,v1,16,16,kernel,4.311040e-04
54,stock,24,24,total,4.560864e-03
54,stock,24,24,kernel,2.652160e-04
54,v1,24,24,total,4.302080e-03
54,v1,24,24,kernel,4.372480e-04
54,stock,16,32,total,2.032480e-03
54,stock,16,32,kernel,2.519040e-04
54,v1,16,32,total,1.973216e-03
54,v1,16,32,kernel,4.300800e-04
54,stock,32,32,total,4.067264e-03
54,stock,32,32,kernel,2.631680e-04
54,v1,32,32,total,1.961824e-03
54,v1,32,32,kernel,4.270080e-04
55,cpu,,,total,2.283545e-01
55,stock,8,4,total,2.057216e-03
55,stock,8,4,kernel,2.570240e-04
55,v1,8,4,total,3.597504e-03
55,v1,8,4,kernel,4.372160e-04
55,stock,8,8,total,2.024128e-03
55,stock,8,8,kernel,2.519040e-04
55,v1,8,8,total,4.854368e-03
55,v1,8,8,kernel,4.403200e-04
55,stock,8,16,total,2.047968e-03
55,stock,8,16,kernel,2.529280e-04
55,v1,8,16,total,1.971584e-03
55,v1,8,16,kernel,4.382720e-04
55,stock,16,16,total,2.014176e-03
55,stock,16,16,kernel,2.498560e-04
55,v1,16,16,total,1.964192e-03
55,v1,16,16,kernel,4.341760e-04
55,stock,24,24,total,6.022208e-03
55,stock,24,24,kernel,2.652160e-04
55,v1,24,24,total,1.986048e-03
55,v1,24,24,kernel,4.321280e-04
55,stock,16,32,total,4.130112e-03
55,stock,16,32,kernel,2.519040e-04
55,v1,16,32,total,4.670944e-03
55,v1,16,32,kernel,4.290560e-04
55,stock,32,32,total,2.041024e-03
55,stock,32,32,kernel,2.641920e-04
55,v1,32,32,total,1.953632e-03
55,v1,32,32,kernel,4.270080e-04
56,cpu,,,total,2.258722e-01
56,stock,8,4,total,2.042144e-03
56,stock,8,4,kernel,2.570240e-04
56,v1,8,4,total,5.327488e-03
56,v1,8,4,kernel,4.382720e-04
56,stock,8,8,total,2.030752e-03
56,stock,8,8,kernel,2.529280e-04
56,v1,8,8,total,4.227456e-03
56,v1,8,8,kernel,4.392960e-04
56,stock,8,16,total,2.065760e-03
56,stock,8,16,kernel,2.529280e-04
56,v1,8,16,total,4.250144e-03
56,v1,8,16,kernel,4.392960e-04
56,stock,16,16,total,2.030976e-03
56,stock,16,16,kernel,2.508800e-04
56,v1,16,16,total,2.016800e-03
56,v1,16,16,kernel,4.331520e-04
56,stock,24,24,total,2.901376e-03
56,stock,24,24,kernel,2.652160e-04
56,v1,24,24,total,1.991808e-03
56,v1,24,24,kernel,4.383040e-04
56,stock,16,32,total,3.856128e-03
56,stock,16,32,kernel,2.519040e-04
56,v1,16,32,total,1.953440e-03
56,v1,16,32,kernel,4.300480e-04
56,stock,32,32,total,3.763840e-03
56,stock,32,32,kernel,2.631680e-04
56,v1,32,32,total,1.984928e-03
56,v1,32,32,kernel,4.290560e-04
57,cpu,,,total,2.289436e-01
57,stock,8,4,total,2.034912e-03
57,stock,8,4,kernel,2.570240e-04
57,v1,8,4,total,4.332832e-03
57,v1,8,4,kernel,4.372480e-04
57,stock,8,8,total,2.022144e-03
57,stock,8,8,kernel,2.519040e-04
57,v1,8,8,total,4.545696e-03
57,v1,8,8,kernel,4.444160e-04
57,stock,8,16,total,2.057824e-03
57,stock,8,16,kernel,2.529280e-04
57,v1,8,16,total,3.885152e-03
57,v1,8,16,kernel,4.382400e-04
57,stock,16,16,total,2.044224e-03
57,stock,16,16,kernel,2.498560e-04
57,v1,16,16,total,1.949344e-03
57,v1,16,16,kernel,4.321280e-04
57,stock,24,24,total,2.458816e-03
57,stock,24,24,kernel,2.641920e-04
57,v1,24,24,total,1.975712e-03
57,v1,24,24,kernel,4.382720e-04
57,stock,16,32,total,4.563232e-03
57,stock,16,32,kernel,2.509120e-04
57,v1,16,32,total,1.976352e-03
57,v1,16,32,kernel,4.311040e-04
57,stock,32,32,total,2.018272e-03
57,stock,32,32,kernel,2.621440e-04
57,v1,32,32,total,1.949280e-03
57,v1,32,32,kernel,4.270080e-04
58,cpu,,,total,2.278731e-01
58,stock,8,4,total,2.048224e-03
58,stock,8,4,kernel,2.570240e-04
58,v1,8,4,total,5.332576e-03
58,v1,8,4,kernel,4.372480e-04
58,stock,8,8,total,2.032896e-03
58,stock,8,8,kernel,2.529280e-04
58,v1,8,8,total,1.975040e-03
58,v1,8,8,kernel,4.382720e-04
58,stock,8,16,total,2.008512e-03
58,stock,8,16,kernel,2.529280e-04
58,v1,8,16,total,8.355328e-03
58,v1,8,16,kernel,4.403200e-04
58,stock,16,16,total,5.598208e-03
58,stock,16,16,kernel,2.539520e-04
58,v1,16,16,total,1.973088e-03
58,v1,16,16,kernel,4.341760e-04
58,stock,24,24,total,4.274432e-03
58,stock,24,24,kernel,2.652160e-04
58,v1,24,24,total,2.001088e-03
58,v1,24,24,kernel,4.321280e-04
58,stock,16,32,total,4.052896e-03
58,stock,16,32,kernel,2.508800e-04
58,v1,16,32,total,1.965888e-03
58,v1,16,32,kernel,4.300800e-04
58,stock,32,32,total,3.830176e-03
58,stock,32,32,kernel,2.631680e-04
58,v1,32,32,total,1.962656e-03
58,v1,32,32,kernel,4.280320e-04
59,cpu,,,total,2.273678e-01
59,stock,8,4,total,5.085952e-03
59,stock,8,4,kernel,2.580160e-04
59,v1,8,4,total,3.071680e-03
59,v1,8,4,kernel,4.361920e-04
59,stock,8,8,total,2.012352e-03
59,stock,8,8,kernel,2.529280e-04
59,v1,8,8,total,4.284576e-03
59,v1,8,8,kernel,4.392960e-04
59,stock,8,16,total,6.920256e-03
59,stock,8,16,kernel,2.529280e-04
59,v1,8,16,total,1.964224e-03
59,v1,8,16,kernel,4.372480e-04
59,stock,16,16,total,4.794464e-03
59,stock,16,16,kernel,2.498560e-04
59,v1,16,16,total,1.989312e-03
59,v1,16,16,kernel,4.321280e-04
59,stock,24,24,total,2.037344e-03
59,stock,24,24,kernel,2.652160e-04
59,v1,24,24,total,3.262464e-03
59,v1,24,24,kernel,4.331520e-04
59,stock,16,32,total,2.012960e-03
59,stock,16,32,kernel,2.508800e-04
59,v1,16,32,total,3.501952e-03
59,v1,16,32,kernel,4.300800e-04
59,stock,32,32,total,2.041920e-03
59,stock,32,32,kernel,2.641920e-04
59,v1,32,32,total,1.943648e-03
59,v1,32,32,kernel,4.270080e-04
60,cpu,,,total,2.296946e-01
60,stock,8,4,total,3.280032e-03
60,stock,8,4,kernel,2.570240e-04
60,v1,8,4,total,1.960640e-03
60,v1,8,4,kernel,4.362240e-04
60,stock,8,8,total,4.836192e-03
60,stock,8,8,kernel,2.529280e-04
60,v1,8,8,total,1.995680e-03
60,v1,8,8,kernel,4.403200e-04
60,stock,8,16,total,5.023360e-03
60,stock,8,16,kernel,2.529280e-04
60,v1,8,16,total,1.984448e-03
60,v1,8,16,kernel,4.392960e-04
60,stock,16,16,total,1.992352e-03
60,stock,16,16,kernel,2.508800e-04
60,v1,16,16,total,2.860000e-03
60,v1,16,16,kernel,4.372480e-04
60,stock,24,24,total,2.016704e-03
60,stock,24,24,kernel,2.641920e-04
60,v1,24,24,total,3.102368e-03
60,v1,24,24,kernel,4.392960e-04
60,stock,16,32,total,2.035520e-03
60,stock,16,32,kernel,2.519040e-04
60,v1,16,32,total,3.713056e-03
60,v1,16,32,kernel,4.300800e-04
60,stock,32,32,total,2.083232e-03
60,stock,32,32,kernel,2.641920e-04
60,v1,32,32,total,4.619008e-03
60,v1,32,32,kernel,4.270080e-04
61,cpu,,,total,2.296972e-01
61,stock,8,4,total,2.979712e-03
61,stock,8,4,kernel,2.580480e-04
61,v1,8,4,total,4.560320e-03
61,v1,8,4,kernel,4.362240e-04
61,stock,8,8,total,2.059552e-03
61,stock,8,8,kernel,2.519040e-04
61,v1,8,8,total,1.981312e-03
61,v1,8,8,kernel,4.382720e-04
61,stock,8,16,total,2.024896e-03
61,stock,8,16,kernel,2.519040e-04
61,v1,8,16,total,1.965408e-03
61,v1,8,16,kernel,4.382720e-04
61,stock,16,16,total,2.020512e-03
61,stock,16,16,kernel,2.498560e-04
61,v1,16,16,total,4.981280e-03
61,v1,16,16,kernel,4.341760e-04
61,stock,24,24,total,4.535520e-03
61,stock,24,24,kernel,2.631680e-04
61,v1,24,24,total,4.727072e-03
61,v1,24,24,kernel,4.382720e-04
61,stock,16,32,total,2.018112e-03
61,stock,16,32,kernel,2.508800e-04
61,v1,16,32,total,2.855648e-03
61,v1,16,32,kernel,4.300800e-04
61,stock,32,32,total,4.809344e-03
61,stock,32,32,kernel,2.641920e-04
61,v1,32,32,total,4.219072e-03
61,v1,32,32,kernel,4.280320e-04
62,cpu,,,total,2.273396e-01
62,stock,8,4,total,2.047072e-03
62,stock,8,4,kernel,2.570240e-04
62,v1,8,4,total,1.967680e-03
62,v1,8,4,kernel,4.362240e-04
62,stock,8,8,total,4.954528e-03
62,stock,8,8,kernel,2.529280e-04
62,v1,8,8,total,4.883008e-03
62,v1,8,8,kernel,4.382720e-04
62,stock,8,16,total,2.032256e-03
62,stock,8,16,kernel,2.529280e-04
62,v1,8,16,total,1.997728e-03
62,v1,8,16,kernel,4.382720e-04
62,stock,16,16,total,5.364128e-03
62,stock,16,16,kernel,2.508800e-04
62,v1,16,16,total,1.960096e-03
62,v1,16,16,kernel,4.331520e-04
62,stock,24,24,total,2.094176e-03
62,stock,24,24,kernel,2.631680e-04
62,v1,24,24,total,1.957440e-03
62,v1,24,24,kernel,4.382720e-04
62,stock,16,32,total,4.306656e-03
62,stock,16,32,kernel,2.519040e-04
62,v1,16,32,total,1.978176e-03
62,v1,16,32,kernel,4.311040e-04
62,stock,32,32,total,4.030912e-03
62,stock,32,32,kernel,2.631680e-04
62,v1,32,32,total,4.365376e-03
62,v1,32,32,kernel,4.270080e-04
63,cpu,,,total,2.508731e-01
63,stock,8,4,total,2.252480e-03
63,stock,8,4,kernel,2.580480e-04
63,v1,8,4,total,2.079840e-03
63,v1,8,4,kernel,4.372480e-04
63,stock,8,8,total,3.736064e-03
63,stock,8,8,kernel,2.539520e-04
63,v1,8,8,total,4.289280e-03
63,v1,8,8,kernel,4.403200e-04
63,stock,8,16,total,3.703968e-03
63,stock,8,16,kernel,2.529280e-04
63,v1,8,16,total,2.004256e-03
63,v1,8,16,kernel,4.392960e-04
63,stock,16,16,total,2.100448e-03
63,stock,16,16,kernel,2.498560e-04
63,v1,16,16,total,1.960128e-03
63,v1,16,16,kernel,4.352000e-04
63,stock,24,24,total,2.061024e-03
63,stock,24,24,kernel,2.641920e-04
63,v1,24,24,total,3.413056e-03
63,v1,24,24,kernel,4.321280e-04
63,stock,16,32,total,2.131968e-03
63,stock,16,32,kernel,2.519040e-04
63,v1,16,32,total,1.968512e-03
63,v1,16,32,kernel,4.290560e-04
63,stock,32,32,total,4.949088e-03
63,stock,32,32,kernel,2.631680e-04
63,v1,32,32,total,3.815040e-03
63,v1,32,32,kernel,4.280320e-04
